,1,2,3,target
0,0.8065174531907527,0.6111865556836493,0.9606830176546157,0.9358735868802395
1,0.6111865556836493,0.9606830176546157,0.9358735868802395,1.0347753724392559
2,0.9606830176546157,0.9358735868802395,1.0347753724392559,1.2223542246962387
3,0.9358735868802395,1.0347753724392559,1.2223542246962387,0.9879845121403272
4,1.0347753724392559,1.2223542246962387,0.9879845121403272,1.215370910106218
5,1.2223542246962387,0.9879845121403272,1.215370910106218,1.1457721410138277
6,0.9879845121403272,1.215370910106218,1.1457721410138277,1.1092256318612714
7,1.215370910106218,1.1457721410138277,1.1092256318612714,1.1859192468500583
8,1.1457721410138277,1.1092256318612714,1.1859192468500583,1.2082222718014586
9,1.1092256318612714,1.1859192468500583,1.2082222718014586,1.284447148992688
10,1.1859192468500583,1.2082222718014586,1.284447148992688,0.857048795321836
11,1.2082222718014586,1.284447148992688,0.857048795321836,1.271919376332689
12,1.284447148992688,0.857048795321836,1.271919376332689,1.441602260224982
13,0.857048795321836,1.271919376332689,1.441602260224982,1.3007331975632759
14,1.271919376332689,1.441602260224982,1.3007331975632759,1.469476609236565
15,1.441602260224982,1.3007331975632759,1.469476609236565,0.9146849711354158
16,1.3007331975632759,1.469476609236565,0.9146849711354158,1.2484454328444672
17,1.469476609236565,0.9146849711354158,1.2484454328444672,1.2279119766262672
18,0.9146849711354158,1.2484454328444672,1.2279119766262672,1.3409735784284966
19,1.2484454328444672,1.2279119766262672,1.3409735784284966,1.4226303942252554
20,1.2279119766262672,1.3409735784284966,1.4226303942252554,0.8435718299816565
21,1.3409735784284966,1.4226303942252554,0.8435718299816565,1.3703462611064015
22,1.4226303942252554,0.8435718299816565,1.3703462611064015,1.1325770335232532
23,0.8435718299816565,1.3703462611064015,1.1325770335232532,0.981383080927491
24,1.3703462611064015,1.1325770335232532,0.981383080927491,1.2251282108184585
25,1.1325770335232532,0.981383080927491,1.2251282108184585,0.9781918509987125
26,0.981383080927491,1.2251282108184585,0.9781918509987125,1.233783529108315
27,1.2251282108184585,0.9781918509987125,1.233783529108315,1.0925648734166145
28,0.9781918509987125,1.233783529108315,1.0925648734166145,1.085056101917057
29,1.233783529108315,1.0925648734166145,1.085056101917057,1.71525934685695
30,1.0925648734166145,1.085056101917057,1.71525934685695,1.308767820851858
31,1.085056101917057,1.71525934685695,1.308767820851858,1.3964796531530197
32,1.71525934685695,1.308767820851858,1.3964796531530197,1.1612484388546962
33,1.308767820851858,1.3964796531530197,1.1612484388546962,0.7058539524969805
34,1.3964796531530197,1.1612484388546962,0.7058539524969805,1.4628577296244545
35,1.1612484388546962,0.7058539524969805,1.4628577296244545,1.1417974329850071
36,0.7058539524969805,1.4628577296244545,1.1417974329850071,1.6566717001139797
37,1.4628577296244545,1.1417974329850071,1.6566717001139797,1.1480793351105043
38,1.1417974329850071,1.6566717001139797,1.1480793351105043,0.6012101055161504
39,1.6566717001139797,1.1480793351105043,0.6012101055161504,1.4139209492848894
40,1.1480793351105043,0.6012101055161504,1.4139209492848894,0.9566366689823421
41,0.6012101055161504,1.4139209492848894,0.9566366689823421,1.653494385939167
42,1.4139209492848894,0.9566366689823421,1.653494385939167,1.3087219861957269
43,0.9566366689823421,1.653494385939167,1.3087219861957269,0.836505665496823
44,1.653494385939167,1.3087219861957269,0.836505665496823,1.5285382535637637
45,1.3087219861957269,0.836505665496823,1.5285382535637637,0.998136759214939
46,0.836505665496823,1.5285382535637637,0.998136759214939,1.365310039558203
47,1.5285382535637637,0.998136759214939,1.365310039558203,1.4135507868334578
48,0.998136759214939,1.365310039558203,1.4135507868334578,0.8799624719005009
49,1.365310039558203,1.4135507868334578,0.8799624719005009,1.5309862589644427
50,1.4135507868334578,0.8799624719005009,1.5309862589644427,1.2098656640194574
51,0.8799624719005009,1.5309862589644427,1.2098656640194574,1.2736667882272497
52,1.5309862589644427,1.2098656640194574,1.2736667882272497,1.3791994930171445
53,1.2098656640194574,1.2736667882272497,1.3791994930171445,0.6909416266595858
54,1.2736667882272497,1.3791994930171445,0.6909416266595858,1.5367303234061418
55,1.3791994930171445,0.6909416266595858,1.5367303234061418,1.3274853366640933
56,0.6909416266595858,1.5367303234061418,1.3274853366640933,1.3751705289536076
57,1.5367303234061418,1.3274853366640933,1.3751705289536076,1.348970208221232
58,1.3274853366640933,1.3751705289536076,1.348970208221232,0.7748464613064127
59,1.3751705289536076,1.348970208221232,0.7748464613064127,1.329089539529831
60,1.348970208221232,0.7748464613064127,1.329089539529831,1.2165708478704542
61,0.7748464613064127,1.329089539529831,1.2165708478704542,1.4046672511339866
62,1.329089539529831,1.2165708478704542,1.4046672511339866,1.3805473380722493
63,1.2165708478704542,1.4046672511339866,1.3805473380722493,0.9572151621747204
64,1.4046672511339866,1.3805473380722493,0.9572151621747204,1.2693973913980898
65,1.3805473380722493,0.9572151621747204,1.2693973913980898,0.9603681344628702
66,0.9572151621747204,1.2693973913980898,0.9603681344628702,1.4287301693389152
67,1.2693973913980898,0.9603681344628702,1.4287301693389152,1.334365239394696
68,0.9603681344628702,1.4287301693389152,1.334365239394696,1.1885720304367469
69,1.4287301693389152,1.334365239394696,1.1885720304367469,1.1297884380743988
70,1.334365239394696,1.1885720304367469,1.1297884380743988,1.0349364545373643
71,1.1885720304367469,1.1297884380743988,1.0349364545373643,1.5124493930964718
72,1.1297884380743988,1.0349364545373643,1.5124493930964718,1.5541885404090985
73,1.0349364545373643,1.5124493930964718,1.5541885404090985,1.0825531057049445
74,1.5124493930964718,1.5541885404090985,1.0825531057049445,1.369572572738915
75,1.5541885404090985,1.0825531057049445,1.369572572738915,0.8105452028024634
76,1.0825531057049445,1.369572572738915,0.8105452028024634,1.6036262114643844
77,1.369572572738915,0.8105452028024634,1.6036262114643844,1.6900322358473812
78,0.8105452028024634,1.6036262114643844,1.6900322358473812,1.078855413553931
79,1.6036262114643844,1.6900322358473812,1.078855413553931,1.5679006030608018
80,1.6900322358473812,1.078855413553931,1.5679006030608018,0.6272964137429886
81,1.078855413553931,1.5679006030608018,0.6272964137429886,1.4030347130476617
82,1.5679006030608018,0.6272964137429886,1.4030347130476617,1.584697097726414
83,0.6272964137429886,1.4030347130476617,1.584697097726414,1.1436906505544484
84,1.4030347130476617,1.584697097726414,1.1436906505544484,1.5414953538859886
85,1.584697097726414,1.1436906505544484,1.5414953538859886,0.7458838175387458
86,1.1436906505544484,1.5414953538859886,0.7458838175387458,1.1391471285944792
87,1.5414953538859886,0.7458838175387458,1.1391471285944792,1.535991487139526
88,0.7458838175387458,1.1391471285944792,1.535991487139526,1.1008351188700176
89,1.1391471285944792,1.535991487139526,1.1008351188700176,1.6674492134429806
90,1.535991487139526,1.1008351188700176,1.6674492134429806,0.8208284618463184
91,1.1008351188700176,1.6674492134429806,0.8208284618463184,1.0938450992344355
92,1.6674492134429806,0.8208284618463184,1.0938450992344355,1.4621528557831291
93,0.8208284618463184,1.0938450992344355,1.4621528557831291,1.1137796627779346
94,1.0938450992344355,1.4621528557831291,1.1137796627779346,1.8489074033400417
95,1.4621528557831291,1.1137796627779346,1.8489074033400417,0.9477638580766504
96,1.1137796627779346,1.8489074033400417,0.9477638580766504,1.0032564736738876
97,1.8489074033400417,0.9477638580766504,1.0032564736738876,1.3743911793856558
98,0.9477638580766504,1.0032564736738876,1.3743911793856558,0.8870023670189459
99,1.0032564736738876,1.3743911793856558,0.8870023670189459,1.6851557494203546
100,1.3743911793856558,0.8870023670189459,1.6851557494203546,1.1364860780488648
101,0.8870023670189459,1.6851557494203546,1.1364860780488648,1.077621652179207
102,1.6851557494203546,1.1364860780488648,1.077621652179207,1.2664947005248486
103,1.1364860780488648,1.077621652179207,1.2664947005248486,0.7737045249791388
104,1.077621652179207,1.2664947005248486,0.7737045249791388,1.639761944159826
105,1.2664947005248486,0.7737045249791388,1.639761944159826,0.9742547529251088
106,0.7737045249791388,1.639761944159826,0.9742547529251088,1.2532214898422727
107,1.639761944159826,0.9742547529251088,1.2532214898422727,1.427355541303049
108,0.9742547529251088,1.2532214898422727,1.427355541303049,0.8248441580105289
109,1.2532214898422727,1.427355541303049,0.8248441580105289,1.520121326834942
110,1.427355541303049,0.8248441580105289,1.520121326834942,0.9062478424266505
111,0.8248441580105289,1.520121326834942,0.9062478424266505,1.043739693862834
112,1.520121326834942,0.9062478424266505,1.043739693862834,1.4400954749651502
113,0.9062478424266505,1.043739693862834,1.4400954749651502,0.8196363376985996
114,1.043739693862834,1.4400954749651502,0.8196363376985996,1.6687036993776077
115,1.4400954749651502,0.8196363376985996,1.6687036993776077,1.0213731217456665
116,0.8196363376985996,1.6687036993776077,1.0213731217456665,1.2341949987265348
117,1.6687036993776077,1.0213731217456665,1.2341949987265348,1.590255754375972
118,1.0213731217456665,1.2341949987265348,1.590255754375972,0.9469254063219462
119,1.2341949987265348,1.590255754375972,0.9469254063219462,1.4965735051865952
120,1.590255754375972,0.9469254063219462,1.4965735051865952,0.9237409687482857
121,0.9469254063219462,1.4965735051865952,0.9237409687482857,1.2877986597035982
122,1.4965735051865952,0.9237409687482857,1.2877986597035982,1.6120454164770075
123,0.9237409687482857,1.2877986597035982,1.6120454164770075,0.9231321181497687
124,1.2877986597035982,1.6120454164770075,0.9231321181497687,1.403323443587261
125,1.6120454164770075,0.9231321181497687,1.403323443587261,0.9434573800809394
126,0.9231321181497687,1.403323443587261,0.9434573800809394,1.4485606798350172
127,1.403323443587261,0.9434573800809394,1.4485606798350172,1.7840513501033617
128,0.9434573800809394,1.4485606798350172,1.7840513501033617,1.1377003606603897
129,1.4485606798350172,1.7840513501033617,1.1377003606603897,1.4741033949759434
130,1.7840513501033617,1.1377003606603897,1.4741033949759434,0.8329865007384657
131,1.1377003606603897,1.4741033949759434,0.8329865007384657,1.0523669098368476
132,1.4741033949759434,0.8329865007384657,1.0523669098368476,1.7356203033131776
133,0.8329865007384657,1.0523669098368476,1.7356203033131776,1.242686404806352
134,1.0523669098368476,1.7356203033131776,1.242686404806352,1.4987097941761596
135,1.7356203033131776,1.242686404806352,1.4987097941761596,0.797190092919263
136,1.242686404806352,1.4987097941761596,0.797190092919263,0.8414018660010988
137,1.4987097941761596,0.797190092919263,0.8414018660010988,1.6879657872927136
138,0.797190092919263,0.8414018660010988,1.6879657872927136,1.3525818705581638
139,0.8414018660010988,1.6879657872927136,1.3525818705581638,1.4433353758113687
140,1.6879657872927136,1.3525818705581638,1.4433353758113687,1.112765879865704
141,1.3525818705581638,1.4433353758113687,1.112765879865704,0.9812337613726424
142,1.4433353758113687,1.112765879865704,0.9812337613726424,1.3931289432352503
143,1.112765879865704,0.9812337613726424,1.3931289432352503,1.1965592517971155
144,0.9812337613726424,1.3931289432352503,1.1965592517971155,1.3792251659499009
145,1.3931289432352503,1.1965592517971155,1.3792251659499009,1.2087715861172879
146,1.1965592517971155,1.3792251659499009,1.2087715861172879,1.0611002033666743
147,1.3792251659499009,1.2087715861172879,1.0611002033666743,1.2795974304649267
148,1.2087715861172879,1.0611002033666743,1.2795974304649267,1.4606970653967146
149,1.0611002033666743,1.2795974304649267,1.4606970653967146,1.4153840441804542
150,1.2795974304649267,1.4606970653967146,1.4153840441804542,1.4307286384419775
151,1.4606970653967146,1.4153840441804542,1.4307286384419775,1.1832213886525462
152,1.4153840441804542,1.4307286384419775,1.1832213886525462,1.2406448967267665
153,1.4307286384419775,1.1832213886525462,1.2406448967267665,1.3496782446777436
154,1.1832213886525462,1.2406448967267665,1.3496782446777436,1.2606693739076975
155,1.2406448967267665,1.3496782446777436,1.2606693739076975,1.2974493587491063
156,1.3496782446777436,1.2606693739076975,1.2974493587491063,1.2532820295568863
157,1.2606693739076975,1.2974493587491063,1.2532820295568863,1.3427704158058815
158,1.2974493587491063,1.2532820295568863,1.3427704158058815,1.5678500422857495
159,1.2532820295568863,1.3427704158058815,1.5678500422857495,1.1967460027677208
160,1.3427704158058815,1.5678500422857495,1.1967460027677208,1.2577715134134042
161,1.5678500422857495,1.1967460027677208,1.2577715134134042,1.102754622086159
162,1.1967460027677208,1.2577715134134042,1.102754622086159,1.365686610865279
163,1.2577715134134042,1.102754622086159,1.365686610865279,1.5463471621852252
164,1.102754622086159,1.365686610865279,1.5463471621852252,1.2336456799222433
165,1.365686610865279,1.5463471621852252,1.2336456799222433,1.104467631016217
166,1.5463471621852252,1.2336456799222433,1.104467631016217,1.2173185403928561
167,1.2336456799222433,1.104467631016217,1.2173185403928561,1.0284333977961968
168,1.104467631016217,1.2173185403928561,1.0284333977961968,1.3806611306747083
169,1.2173185403928561,1.0284333977961968,1.3806611306747083,1.1203731259780851
170,1.0284333977961968,1.3806611306747083,1.1203731259780851,1.3377486593079027
171,1.3806611306747083,1.1203731259780851,1.3377486593079027,1.2426488992378304
172,1.1203731259780851,1.3377486593079027,1.2426488992378304,1.0027241801937914
173,1.3377486593079027,1.2426488992378304,1.0027241801937914,1.4555538836080888
174,1.2426488992378304,1.0027241801937914,1.4555538836080888,1.1445739877422008
175,1.0027241801937914,1.4555538836080888,1.1445739877422008,1.2308985154621348
176,1.4555538836080888,1.1445739877422008,1.2308985154621348,1.3841776357963016
177,1.1445739877422008,1.2308985154621348,1.3841776357963016,1.1425882077020468
178,1.2308985154621348,1.3841776357963016,1.1425882077020468,1.3066890929110204
179,1.3841776357963016,1.1425882077020468,1.3066890929110204,1.0365673168886915
180,1.1425882077020468,1.3066890929110204,1.0365673168886915,1.1630254752586178
181,1.3066890929110204,1.0365673168886915,1.1630254752586178,1.3523450190226316
182,1.0365673168886915,1.1630254752586178,1.3523450190226316,1.3588561997449933
183,1.1630254752586178,1.3523450190226316,1.3588561997449933,1.3840373805809079
184,1.3523450190226316,1.3588561997449933,1.3840373805809079,1.02069579452707
185,1.3588561997449933,1.3840373805809079,1.02069579452707,1.390856710976864
186,1.3840373805809079,1.02069579452707,1.390856710976864,1.1949304992888319
187,1.02069579452707,1.390856710976864,1.1949304992888319,1.3485573685312644
188,1.390856710976864,1.1949304992888319,1.3485573685312644,1.1761474872347468
189,1.1949304992888319,1.3485573685312644,1.1761474872347468,1.0702577902596646
190,1.3485573685312644,1.1761474872347468,1.0702577902596646,1.3566643575123207
191,1.1761474872347468,1.0702577902596646,1.3566643575123207,1.0546552371004636
192,1.0702577902596646,1.3566643575123207,1.0546552371004636,1.1175596835468176
193,1.3566643575123207,1.0546552371004636,1.1175596835468176,1.390800996734833
194,1.0546552371004636,1.1175596835468176,1.390800996734833,1.1615004951960572
195,1.1175596835468176,1.390800996734833,1.1615004951960572,1.3260576063961989
196,1.390800996734833,1.1615004951960572,1.3260576063961989,0.93025622373809
197,1.1615004951960572,1.3260576063961989,0.93025622373809,1.0487116576036601
198,1.3260576063961989,0.93025622373809,1.0487116576036601,1.4152463807412303
199,0.93025622373809,1.0487116576036601,1.4152463807412303,1.2695947879648266
200,1.0487116576036601,1.4152463807412303,1.2695947879648266,1.2839477821097691
201,1.4152463807412303,1.2695947879648266,1.2839477821097691,0.9871706509876551
202,1.2695947879648266,1.2839477821097691,0.9871706509876551,1.2324707657193728
203,1.2839477821097691,0.9871706509876551,1.2324707657193728,1.3691868203376816
204,0.9871706509876551,1.2324707657193728,1.3691868203376816,1.3543458352941797
205,1.2324707657193728,1.3691868203376816,1.3543458352941797,1.4703658993633355
206,1.3691868203376816,1.3543458352941797,1.4703658993633355,1.0986060873820718
207,1.3543458352941797,1.4703658993633355,1.0986060873820718,1.0414417316832862
208,1.4703658993633355,1.0986060873820718,1.0414417316832862,1.2076444432434987
209,1.0986060873820718,1.0414417316832862,1.2076444432434987,1.391826213324656
210,1.0414417316832862,1.2076444432434987,1.391826213324656,1.748870867546647
211,1.2076444432434987,1.391826213324656,1.748870867546647,1.423172235100576
212,1.391826213324656,1.748870867546647,1.423172235100576,1.2064425682849498
213,1.748870867546647,1.423172235100576,1.2064425682849498,1.0816968458990084
214,1.423172235100576,1.2064425682849498,1.0816968458990084,0.9913877648420184
215,1.2064425682849498,1.0816968458990084,0.9913877648420184,1.7095862011231127
216,1.0816968458990084,0.9913877648420184,1.7095862011231127,1.3417196425877744
217,0.9913877648420184,1.7095862011231127,1.3417196425877744,1.2123547746791952
218,1.7095862011231127,1.3417196425877744,1.2123547746791952,1.1112618765312596
219,1.3417196425877744,1.2123547746791952,1.1112618765312596,1.077731647304399
220,1.2123547746791952,1.1112618765312596,1.077731647304399,1.8619862234754476
221,1.1112618765312596,1.077731647304399,1.8619862234754476,1.297509723333351
222,1.077731647304399,1.8619862234754476,1.297509723333351,1.287327160451144
223,1.8619862234754476,1.297509723333351,1.287327160451144,1.004158417053655
224,1.297509723333351,1.287327160451144,1.004158417053655,0.9745209668307891
225,1.287327160451144,1.004158417053655,0.9745209668307891,1.8652134372492768
226,1.004158417053655,0.9745209668307891,1.8652134372492768,1.44179427203731
227,0.9745209668307891,1.8652134372492768,1.44179427203731,1.3855048195372088
228,1.8652134372492768,1.44179427203731,1.3855048195372088,1.2184371333752326
229,1.44179427203731,1.3855048195372088,1.2184371333752326,0.8072883061759237
230,1.3855048195372088,1.2184371333752326,0.8072883061759237,1.7059577310037655
231,1.2184371333752326,0.8072883061759237,1.7059577310037655,1.2460748303499314
232,0.8072883061759237,1.7059577310037655,1.2460748303499314,1.2178610875190503
233,1.7059577310037655,1.2460748303499314,1.2178610875190503,1.27040904569713
234,1.2460748303499314,1.2178610875190503,1.27040904569713,0.9436077281139233
235,1.2178610875190503,1.27040904569713,0.9436077281139233,1.8064198757580918
236,1.27040904569713,0.9436077281139233,1.8064198757580918,1.440013106192337
237,0.9436077281139233,1.8064198757580918,1.440013106192337,0.9672941745484174
238,1.8064198757580918,1.440013106192337,0.9672941745484174,1.3815834465724013
239,1.440013106192337,0.9672941745484174,1.3815834465724013,0.8261105631630734
240,0.9672941745484174,1.3815834465724013,0.8261105631630734,1.8209480432567606
241,1.3815834465724013,0.8261105631630734,1.8209480432567606,1.6614101825741288
242,0.8261105631630734,1.8209480432567606,1.6614101825741288,0.9879289127455491
243,1.8209480432567606,1.6614101825741288,0.9879289127455491,1.1303524073053577
244,1.6614101825741288,0.9879289127455491,1.1303524073053577,0.7929857607024258
245,0.9879289127455491,1.1303524073053577,0.7929857607024258,1.6112251360651866
246,1.1303524073053577,0.7929857607024258,1.6112251360651866,1.8856690516526156
247,0.7929857607024258,1.6112251360651866,1.8856690516526156,1.2439643712150097
248,1.6112251360651866,1.8856690516526156,1.2439643712150097,1.087819660422763
249,1.8856690516526156,1.2439643712150097,1.087819660422763,0.6063552154040897
250,1.2439643712150097,1.087819660422763,0.6063552154040897,1.2358697694772594
251,1.087819660422763,0.6063552154040897,1.2358697694772594,1.7176473769323137
252,0.6063552154040897,1.2358697694772594,1.7176473769323137,1.4251262548961308
253,1.2358697694772594,1.7176473769323137,1.4251262548961308,1.299149453781234
254,1.7176473769323137,1.4251262548961308,1.299149453781234,0.8605776171941166
255,1.4251262548961308,1.299149453781234,0.8605776171941166,1.3265597647977605
256,1.299149453781234,0.8605776171941166,1.3265597647977605,1.4375338818239947
257,0.8605776171941166,1.3265597647977605,1.4375338818239947,1.3091105388308344
258,1.3265597647977605,1.4375338818239947,1.3091105388308344,1.488099233287403
259,1.4375338818239947,1.3091105388308344,1.488099233287403,0.8168231647470698
260,1.3091105388308344,1.488099233287403,0.8168231647470698,1.1750559861946555
261,1.488099233287403,0.8168231647470698,1.1750559861946555,1.1809784401212506
262,0.8168231647470698,1.1750559861946555,1.1809784401212506,1.3444756770287363
263,1.1750559861946555,1.1809784401212506,1.3444756770287363,1.6405772312459126
264,1.1809784401212506,1.3444756770287363,1.6405772312459126,0.7652203321322608
265,1.3444756770287363,1.6405772312459126,0.7652203321322608,1.0575447016453015
266,1.6405772312459126,0.7652203321322608,1.0575447016453015,1.0052110981817364
267,0.7652203321322608,1.0575447016453015,1.0052110981817364,1.2100830863522842
268,1.0575447016453015,1.0052110981817364,1.2100830863522842,1.6572610309201254
269,1.0052110981817364,1.2100830863522842,1.6572610309201254,0.7880637327090065
270,1.2100830863522842,1.6572610309201254,0.7880637327090065,1.2427677891290982
271,1.6572610309201254,0.7880637327090065,1.2427677891290982,1.0190600685329014
272,0.7880637327090065,1.2427677891290982,1.0190600685329014,1.1561974285136152
273,1.2427677891290982,1.0190600685329014,1.1561974285136152,1.7134387828112922
274,1.0190600685329014,1.1561974285136152,1.7134387828112922,1.054767692360974
275,1.1561974285136152,1.7134387828112922,1.054767692360974,1.420690147526471
276,1.7134387828112922,1.054767692360974,1.420690147526471,1.018027238459594
277,1.054767692360974,1.420690147526471,1.018027238459594,1.236963731796527
278,1.420690147526471,1.018027238459594,1.236963731796527,1.6707700781885286
279,1.018027238459594,1.236963731796527,1.6707700781885286,1.0266545822931201
280,1.236963731796527,1.6707700781885286,1.0266545822931201,1.3840486446590101
281,1.6707700781885286,1.0266545822931201,1.3840486446590101,1.082316527287511
282,1.0266545822931201,1.3840486446590101,1.082316527287511,1.248730687907257
283,1.3840486446590101,1.082316527287511,1.248730687907257,1.708418698604112
284,1.082316527287511,1.248730687907257,1.708418698604112,0.8953825147381897
285,1.248730687907257,1.708418698604112,0.8953825147381897,1.5502473337450526
286,1.708418698604112,0.8953825147381897,1.5502473337450526,1.0434304140205888
287,0.8953825147381897,1.5502473337450526,1.0434304140205888,1.0442989443061976
288,1.5502473337450526,1.0434304140205888,1.0442989443061976,1.6913243011650316
289,1.0434304140205888,1.0442989443061976,1.6913243011650316,0.9496546750078821
290,1.0442989443061976,1.6913243011650316,0.9496546750078821,1.3485516428341768
291,1.6913243011650316,0.9496546750078821,1.3485516428341768,0.9934580529487098
292,0.9496546750078821,1.3485516428341768,0.9934580529487098,0.8137928377982345
293,1.3485516428341768,0.9934580529487098,0.8137928377982345,1.8075112306401877
294,0.9934580529487098,0.8137928377982345,1.8075112306401877,1.083175772706148
295,0.8137928377982345,1.8075112306401877,1.083175772706148,1.5935106999880149
296,1.8075112306401877,1.083175772706148,1.5935106999880149,1.201602054062542
297,1.083175772706148,1.5935106999880149,1.201602054062542,0.5596833140219719
298,1.5935106999880149,1.201602054062542,0.5596833140219719,1.6523061151463019
299,1.201602054062542,0.5596833140219719,1.6523061151463019,1.135499220503624
300,0.5596833140219719,1.6523061151463019,1.135499220503624,1.4820793054507913
301,1.6523061151463019,1.135499220503624,1.4820793054507913,1.151047007853175
302,1.135499220503624,1.4820793054507913,1.151047007853175,0.6111699398956575
303,1.4820793054507913,1.151047007853175,0.6111699398956575,1.3541739516647386
304,1.151047007853175,0.6111699398956575,1.3541739516647386,1.1875919858638373
305,0.6111699398956575,1.3541739516647386,1.1875919858638373,1.6881992306972062
306,1.3541739516647386,1.1875919858638373,1.6881992306972062,1.3859048346902463
307,1.1875919858638373,1.6881992306972062,1.3859048346902463,0.6313368463249709
308,1.6881992306972062,1.3859048346902463,0.6313368463249709,1.429231502465095
309,1.3859048346902463,0.6313368463249709,1.429231502465095,0.961048944110172
310,0.6313368463249709,1.429231502465095,0.961048944110172,1.6722113533649636
311,1.429231502465095,0.961048944110172,1.6722113533649636,1.3678543672411525
312,0.961048944110172,1.6722113533649636,1.3678543672411525,0.9309522174039013
313,1.6722113533649636,1.3678543672411525,0.9309522174039013,1.2795360283576718
314,1.3678543672411525,0.9309522174039013,1.2795360283576718,1.1166772918732246
315,0.9309522174039013,1.2795360283576718,1.1166772918732246,1.4882255152613144
316,1.2795360283576718,1.1166772918732246,1.4882255152613144,1.6027809181444108
317,1.1166772918732246,1.4882255152613144,1.6027809181444108,1.077098322434446
318,1.4882255152613144,1.6027809181444108,1.077098322434446,1.2870643477429746
319,1.6027809181444108,1.077098322434446,1.2870643477429746,0.8634923071306914
320,1.077098322434446,1.2870643477429746,0.8634923071306914,1.341335172248441
321,1.2870643477429746,0.8634923071306914,1.341335172248441,1.5131737980143507
322,0.8634923071306914,1.341335172248441,1.5131737980143507,0.8358175305256061
323,1.341335172248441,1.5131737980143507,0.8358175305256061,1.0516571774872578
324,1.5131737980143507,0.8358175305256061,1.0516571774872578,1.0665204600131069
325,0.8358175305256061,1.0516571774872578,1.0665204600131069,1.576370112921969
326,1.0516571774872578,1.0665204600131069,1.576370112921969,1.3628997668693916
327,1.0665204600131069,1.576370112921969,1.3628997668693916,0.9524749831966859
328,1.576370112921969,1.3628997668693916,0.9524749831966859,1.2230790567198835
329,1.3628997668693916,0.9524749831966859,1.2230790567198835,1.0412734451290815
330,0.9524749831966859,1.2230790567198835,1.0412734451290815,1.5203238470374423
331,1.2230790567198835,1.0412734451290815,1.5203238470374423,1.7126284073073443
332,1.0412734451290815,1.5203238470374423,1.7126284073073443,1.2589574571090225
333,1.5203238470374423,1.7126284073073443,1.2589574571090225,1.3944738478413132
334,1.7126284073073443,1.2589574571090225,1.3944738478413132,0.7378738820234775
335,1.2589574571090225,1.3944738478413132,0.7378738820234775,1.521268066828322
336,1.3944738478413132,0.7378738820234775,1.521268066828322,1.677997833075446
337,0.7378738820234775,1.521268066828322,1.677997833075446,1.6072158695142946
338,1.521268066828322,1.677997833075446,1.6072158695142946,1.3545185113895528
339,1.677997833075446,1.6072158695142946,1.3545185113895528,0.8164325090215867
340,1.6072158695142946,1.3545185113895528,0.8164325090215867,1.1019386650773295
341,1.3545185113895528,0.8164325090215867,1.1019386650773295,1.1297688969328084
342,0.8164325090215867,1.1019386650773295,1.1297688969328084,1.7558957541458724
343,1.1019386650773295,1.1297688969328084,1.7558957541458724,1.5179462807415156
344,1.1297688969328084,1.7558957541458724,1.5179462807415156,1.2495787522293145
345,1.7558957541458724,1.5179462807415156,1.2495787522293145,1.1618695051374874
346,1.5179462807415156,1.2495787522293145,1.1618695051374874,0.9283487735462304
347,1.2495787522293145,1.1618695051374874,0.9283487735462304,1.645937954843513
348,1.1618695051374874,0.9283487735462304,1.645937954843513,1.5123649868015594
349,0.9283487735462304,1.645937954843513,1.5123649868015594,1.2975307849732094
350,1.645937954843513,1.5123649868015594,1.2975307849732094,1.3624147894492087
351,1.5123649868015594,1.2975307849732094,1.3624147894492087,0.6789800801779475
352,1.2975307849732094,1.3624147894492087,0.6789800801779475,1.4685792682043781
353,1.3624147894492087,0.6789800801779475,1.4685792682043781,1.1899777445818733
354,0.6789800801779475,1.4685792682043781,1.1899777445818733,1.5612380609297176
355,1.4685792682043781,1.1899777445818733,1.5612380609297176,1.6124168533466319
356,1.1899777445818733,1.5612380609297176,1.6124168533466319,0.8197508943259866
357,1.5612380609297176,1.6124168533466319,0.8197508943259866,1.339647288930111
358,1.6124168533466319,0.8197508943259866,1.339647288930111,1.0881826452533918
359,0.8197508943259866,1.339647288930111,1.0881826452533918,1.6120341009239167
360,1.339647288930111,1.0881826452533918,1.6120341009239167,1.5012827587084419
361,1.0881826452533918,1.6120341009239167,1.5012827587084419,1.0113091960121448
362,1.6120341009239167,1.5012827587084419,1.0113091960121448,1.345888341618494
363,1.5012827587084419,1.0113091960121448,1.345888341618494,1.068381203027007
364,1.0113091960121448,1.345888341618494,1.068381203027007,1.3950866230050183
365,1.345888341618494,1.068381203027007,1.3950866230050183,1.3472045843491234
366,1.068381203027007,1.3950866230050183,1.3472045843491234,1.2458887069256863
367,1.3950866230050183,1.3472045843491234,1.2458887069256863,1.3494981164574518
368,1.3472045843491234,1.2458887069256863,1.3494981164574518,1.0492263667518995
369,1.2458887069256863,1.3494981164574518,1.0492263667518995,1.4126764482984315
370,1.3494981164574518,1.0492263667518995,1.4126764482984315,1.4993513875319706
371,1.0492263667518995,1.4126764482984315,1.4993513875319706,1.403769786111521
372,1.4126764482984315,1.4993513875319706,1.403769786111521,1.0755340857398807
373,1.4993513875319706,1.403769786111521,1.0755340857398807,1.1433616667900277
374,1.403769786111521,1.0755340857398807,1.1433616667900277,1.2104751908759763
375,1.0755340857398807,1.1433616667900277,1.2104751908759763,1.4401250407376143
376,1.1433616667900277,1.2104751908759763,1.4401250407376143,1.672441641712237
377,1.2104751908759763,1.4401250407376143,1.672441641712237,1.0122513453091524
378,1.4401250407376143,1.672441641712237,1.0122513453091524,1.0836773850073247
379,1.672441641712237,1.0122513453091524,1.0836773850073247,0.7742464569098986
380,1.0122513453091524,1.0836773850073247,0.7742464569098986,1.2054062320621857
381,1.0836773850073247,0.7742464569098986,1.2054062320621857,1.924868214712758
382,0.7742464569098986,1.2054062320621857,1.924868214712758,1.3591601792618173
383,1.2054062320621857,1.924868214712758,1.3591601792618173,1.1174550847652256
384,1.924868214712758,1.3591601792618173,1.1174550847652256,0.9573504782158746
385,1.3591601792618173,1.1174550847652256,0.9573504782158746,1.0642244335759476
386,1.1174550847652256,0.9573504782158746,1.0642244335759476,1.5262314373972399
387,0.9573504782158746,1.0642244335759476,1.5262314373972399,1.6642784397791894
388,1.0642244335759476,1.5262314373972399,1.6642784397791894,1.2146777641273059
389,1.5262314373972399,1.6642784397791894,1.2146777641273059,0.9454219848266372
390,1.6642784397791894,1.2146777641273059,0.9454219848266372,1.0705075866861036
391,1.2146777641273059,0.9454219848266372,1.0705075866861036,1.3883010346491447
392,0.9454219848266372,1.0705075866861036,1.3883010346491447,1.7134421834594011
393,1.0705075866861036,1.3883010346491447,1.7134421834594011,1.4792026419635866
394,1.3883010346491447,1.7134421834594011,1.4792026419635866,1.1737405130227418
395,1.7134421834594011,1.4792026419635866,1.1737405130227418,1.028026856865196
396,1.4792026419635866,1.1737405130227418,1.028026856865196,1.11968081739874
397,1.1737405130227418,1.028026856865196,1.11968081739874,1.5069877156790623
398,1.028026856865196,1.11968081739874,1.5069877156790623,1.5018874454037583
399,1.11968081739874,1.5069877156790623,1.5018874454037583,1.3220888119809486
400,1.5069877156790623,1.5018874454037583,1.3220888119809486,1.105814634569899
401,1.5018874454037583,1.3220888119809486,1.105814634569899,1.1596447415978808
402,1.3220888119809486,1.105814634569899,1.1596447415978808,1.2939671986548544
403,1.105814634569899,1.1596447415978808,1.2939671986548544,1.4313054816516144
404,1.1596447415978808,1.2939671986548544,1.4313054816516144,1.435518483328135
405,1.2939671986548544,1.4313054816516144,1.435518483328135,1.412553335843867
406,1.4313054816516144,1.435518483328135,1.412553335843867,1.1955186024848479
407,1.435518483328135,1.412553335843867,1.1955186024848479,1.3633934745000482
408,1.412553335843867,1.1955186024848479,1.3633934745000482,1.2598492994371626
409,1.1955186024848479,1.3633934745000482,1.2598492994371626,1.430524123310878
410,1.3633934745000482,1.2598492994371626,1.430524123310878,1.5089270548425093
411,1.2598492994371626,1.430524123310878,1.5089270548425093,1.299353270936627
412,1.430524123310878,1.5089270548425093,1.299353270936627,1.4737349004425395
413,1.5089270548425093,1.299353270936627,1.4737349004425395,1.2180745545023328
414,1.299353270936627,1.4737349004425395,1.2180745545023328,1.2737193039178238
415,1.4737349004425395,1.2180745545023328,1.2737193039178238,1.3480624569450608
416,1.2180745545023328,1.2737193039178238,1.3480624569450608,1.2226665082199266
417,1.2737193039178238,1.3480624569450608,1.2226665082199266,1.4892394951528554
418,1.3480624569450608,1.2226665082199266,1.4892394951528554,1.2428491283675631
419,1.2226665082199266,1.4892394951528554,1.2428491283675631,1.0546815512842058
420,1.4892394951528554,1.2428491283675631,1.0546815512842058,1.0986122902724877
421,1.2428491283675631,1.0546815512842058,1.0986122902724877,1.1777610744494524
422,1.0546815512842058,1.0986122902724877,1.1777610744494524,1.262920388768926
423,1.0986122902724877,1.1777610744494524,1.262920388768926,1.506710118302295
424,1.1777610744494524,1.262920388768926,1.506710118302295,1.0012204255508423
425,1.262920388768926,1.506710118302295,1.0012204255508423,1.5031305220408173
426,1.506710118302295,1.0012204255508423,1.5031305220408173,1.0384854699184232
427,1.0012204255508423,1.5031305220408173,1.0384854699184232,1.24815001374683
428,1.5031305220408173,1.0384854699184232,1.24815001374683,1.6702912709712745
429,1.0384854699184232,1.24815001374683,1.6702912709712745,0.8954149765924324
430,1.24815001374683,1.6702912709712745,0.8954149765924324,1.2950096929558959
431,1.6702912709712745,0.8954149765924324,1.2950096929558959,1.328405094861815
432,0.8954149765924324,1.2950096929558959,1.328405094861815,0.9836526874956804
433,1.2950096929558959,1.328405094861815,0.9836526874956804,1.8507180196873358
434,1.328405094861815,0.9836526874956804,1.8507180196873358,1.172927941226829
435,0.9836526874956804,1.8507180196873358,1.172927941226829,1.197058697321665
436,1.8507180196873358,1.172927941226829,1.197058697321665,1.1244055208245562
437,1.172927941226829,1.197058697321665,1.1244055208245562,0.987326889810728
438,1.197058697321665,1.1244055208245562,0.987326889810728,1.863931713303541
439,1.1244055208245562,0.987326889810728,1.863931713303541,1.0383242147179166
440,0.987326889810728,1.863931713303541,1.0383242147179166,1.2222712710927357
441,1.863931713303541,1.0383242147179166,1.2222712710927357,1.2448972770051738
442,1.0383242147179166,1.2222712710927357,1.2448972770051738,1.1650791604044284
443,1.2222712710927357,1.2448972770051738,1.1650791604044284,1.800584882600933
444,1.2448972770051738,1.1650791604044284,1.800584882600933,0.8750818848152032
445,1.1650791604044284,1.800584882600933,0.8750818848152032,1.5862779003598937
446,1.800584882600933,0.8750818848152032,1.5862779003598937,1.0656157344362267
447,0.8750818848152032,1.5862779003598937,1.0656157344362267,1.3361597503699112
448,1.5862779003598937,1.0656157344362267,1.3361597503699112,1.8133959311874148
449,1.0656157344362267,1.3361597503699112,1.8133959311874148,0.6995663562024964
450,1.3361597503699112,1.8133959311874148,0.6995663562024964,1.4413963935909453
451,1.8133959311874148,0.6995663562024964,1.4413963935909453,1.27058368190899
452,0.6995663562024964,1.4413963935909453,1.27058368190899,1.4978758376804249
453,1.4413963935909453,1.27058368190899,1.4978758376804249,1.774508107897225
454,1.27058368190899,1.4978758376804249,1.774508107897225,0.850881280372986
455,1.4978758376804249,1.774508107897225,0.850881280372986,1.2731679952078205
456,1.774508107897225,0.850881280372986,1.2731679952078205,1.1154430372103379
457,0.850881280372986,1.2731679952078205,1.1154430372103379,1.6502816605626627
458,1.2731679952078205,1.1154430372103379,1.6502816605626627,2.0604532922246643
459,1.1154430372103379,1.6502816605626627,2.0604532922246643,1.0115022780303888
460,1.6502816605626627,2.0604532922246643,1.0115022780303888,1.3049000019789951
461,2.0604532922246643,1.0115022780303888,1.3049000019789951,0.796593568420536
462,1.0115022780303888,1.3049000019789951,0.796593568420536,1.4554575869832527
463,1.3049000019789951,0.796593568420536,1.4554575869832527,1.8465824350502167
464,0.796593568420536,1.4554575869832527,1.8465824350502167,1.102917268729807
465,1.4554575869832527,1.8465824350502167,1.102917268729807,1.2666900001004904
466,1.8465824350502167,1.102917268729807,1.2666900001004904,0.3562779302722841
467,1.102917268729807,1.2666900001004904,0.3562779302722841,1.275848129674006
468,1.2666900001004904,0.3562779302722841,1.275848129674006,1.409540191056535
469,0.3562779302722841,1.275848129674006,1.409540191056535,1.3975569523854023
470,1.275848129674006,1.409540191056535,1.3975569523854023,1.5033833415591553
471,1.409540191056535,1.3975569523854023,1.5033833415591553,0.38709287578499674
472,1.3975569523854023,1.5033833415591553,0.38709287578499674,1.3021962396094413
473,1.5033833415591553,0.38709287578499674,1.3021962396094413,1.478670651145175
474,0.38709287578499674,1.3021962396094413,1.478670651145175,1.5490857200231918
475,1.3021962396094413,1.478670651145175,1.5490857200231918,1.8116714550581063
476,1.478670651145175,1.5490857200231918,1.8116714550581063,0.44069817102554876
477,1.5490857200231918,1.8116714550581063,0.44069817102554876,1.110154888070006
478,1.8116714550581063,0.44069817102554876,1.110154888070006,1.327206125051392
479,0.44069817102554876,1.110154888070006,1.327206125051392,1.282242603445403
480,1.110154888070006,1.327206125051392,1.282242603445403,2.0576943084654533
481,1.327206125051392,1.282242603445403,2.0576943084654533,0.6423528598148935
482,1.282242603445403,2.0576943084654533,0.6423528598148935,1.409521348188182
483,2.0576943084654533,0.6423528598148935,1.409521348188182,1.2994098027265721
484,0.6423528598148935,1.409521348188182,1.2994098027265721,1.140388289674049
485,1.409521348188182,1.2994098027265721,1.140388289674049,2.3082749258724835
486,1.2994098027265721,1.140388289674049,2.3082749258724835,0.767700707427189
487,1.140388289674049,2.3082749258724835,0.767700707427189,1.410214652267145
488,2.3082749258724835,0.767700707427189,1.410214652267145,1.2234089489417257
489,0.767700707427189,1.410214652267145,1.2234089489417257,0.9150178154149414
490,1.410214652267145,1.2234089489417257,0.9150178154149414,2.2650446479304502
491,1.2234089489417257,0.9150178154149414,2.2650446479304502,0.9085033738900923
492,0.9150178154149414,2.2650446479304502,0.9085033738900923,1.1466484345838017
493,2.2650446479304502,0.9085033738900923,1.1466484345838017,1.1650902598090347
494,0.9085033738900923,1.1466484345838017,1.1650902598090347,0.7814315119443153
495,1.1466484345838017,1.1650902598090347,0.7814315119443153,1.9955120764788428
496,1.1650902598090347,0.7814315119443153,1.9955120764788428,0.999669846967398
497,0.7814315119443153,1.9955120764788428,0.999669846967398,1.2500208496946352
498,1.9955120764788428,0.999669846967398,1.2500208496946352,1.2975725534220053
499,0.999669846967398,1.2500208496946352,1.2975725534220053,0.8690159974888545
500,1.2500208496946352,1.2975725534220053,0.8690159974888545,1.9196388452243995
501,1.2975725534220053,0.8690159974888545,1.9196388452243995,1.0556843994945062
502,0.8690159974888545,1.9196388452243995,1.0556843994945062,1.4105641554595143
503,1.9196388452243995,1.0556843994945062,1.4105641554595143,1.2597501393311157
504,1.0556843994945062,1.4105641554595143,1.2597501393311157,0.5599713247430735
505,1.4105641554595143,1.2597501393311157,0.5599713247430735,1.857675496228726
506,1.2597501393311157,0.5599713247430735,1.857675496228726,1.201853772237451
507,0.5599713247430735,1.857675496228726,1.201853772237451,1.4532173766666183
508,1.857675496228726,1.201853772237451,1.4532173766666183,1.3432335319072781
509,1.201853772237451,1.4532173766666183,1.3432335319072781,0.5446579945218616
510,1.4532173766666183,1.3432335319072781,0.5446579945218616,1.6835243512798208
511,1.3432335319072781,0.5446579945218616,1.6835243512798208,1.3743317993713724
512,0.5446579945218616,1.6835243512798208,1.3743317993713724,1.444472045472101
513,1.6835243512798208,1.3743317993713724,1.444472045472101,1.5209573419882318
514,1.3743317993713724,1.444472045472101,1.5209573419882318,0.7018404054068568
515,1.444472045472101,1.5209573419882318,0.7018404054068568,1.2103591344218296
516,1.5209573419882318,0.7018404054068568,1.2103591344218296,1.240980933410615
517,0.7018404054068568,1.2103591344218296,1.240980933410615,1.5308360442568287
518,1.2103591344218296,1.240980933410615,1.5308360442568287,1.6261284131203553
519,1.240980933410615,1.5308360442568287,1.6261284131203553,0.7644021167407871
520,1.5308360442568287,1.6261284131203553,0.7644021167407871,0.906324057372992
521,1.6261284131203553,0.7644021167407871,0.906324057372992,1.1518436916000927
522,0.7644021167407871,0.906324057372992,1.1518436916000927,1.3806939579335953
523,0.906324057372992,1.1518436916000927,1.3806939579335953,1.8683294818594132
524,1.1518436916000927,1.3806939579335953,1.8683294818594132,0.9807565850317251
525,1.3806939579335953,1.8683294818594132,0.9807565850317251,1.2873837121009046
526,1.8683294818594132,0.9807565850317251,1.2873837121009046,0.9624382285568712
527,0.9807565850317251,1.2873837121009046,0.9624382285568712,1.246793047027636
528,1.2873837121009046,0.9624382285568712,1.246793047027636,1.7948189062431872
529,0.9624382285568712,1.246793047027636,1.7948189062431872,1.3556415513284543
530,1.246793047027636,1.7948189062431872,1.3556415513284543,1.2926364233297996
531,1.7948189062431872,1.3556415513284543,1.2926364233297996,0.9895775197802985
532,1.3556415513284543,1.2926364233297996,0.9895775197802985,1.163664839563599
533,1.2926364233297996,0.9895775197802985,1.163664839563599,1.4388075920124959
534,0.9895775197802985,1.163664839563599,1.4388075920124959,1.459131579555913
535,1.163664839563599,1.4388075920124959,1.459131579555913,1.3915092174162618
536,1.4388075920124959,1.459131579555913,1.3915092174162618,0.8823617680598468
537,1.459131579555913,1.3915092174162618,0.8823617680598468,1.0124672975535898
538,1.3915092174162618,0.8823617680598468,1.0124672975535898,1.2360777503624398
539,0.8823617680598468,1.0124672975535898,1.2360777503624398,1.290883256228951
540,1.0124672975535898,1.2360777503624398,1.290883256228951,1.5210396546758103
541,1.2360777503624398,1.290883256228951,1.5210396546758103,0.9895445066268457
542,1.290883256228951,1.5210396546758103,0.9895445066268457,1.2321260399810887
543,1.5210396546758103,0.9895445066268457,1.2321260399810887,1.3964166801039046
544,0.9895445066268457,1.2321260399810887,1.3964166801039046,1.2530853363600392
545,1.2321260399810887,1.3964166801039046,1.2530853363600392,1.6184515673492461
546,1.3964166801039046,1.2530853363600392,1.6184515673492461,0.8673317357642493
547,1.2530853363600392,1.6184515673492461,0.8673317357642493,1.1693127075951317
548,1.6184515673492461,0.8673317357642493,1.1693127075951317,1.1283217985361065
549,0.8673317357642493,1.1693127075951317,1.1283217985361065,1.2146773747336945
550,1.1693127075951317,1.1283217985361065,1.2146773747336945,1.784011145339633
551,1.1283217985361065,1.2146773747336945,1.784011145339633,0.873383661414895
552,1.2146773747336945,1.784011145339633,0.873383661414895,1.1094748452379037
553,1.784011145339633,0.873383661414895,1.1094748452379037,0.911814171219374
554,0.873383661414895,1.1094748452379037,0.911814171219374,1.0976646720511414
555,1.1094748452379037,0.911814171219374,1.0976646720511414,1.65871966483171
556,0.911814171219374,1.0976646720511414,1.65871966483171,1.3401483831385264
557,1.0976646720511414,1.65871966483171,1.3401483831385264,1.2500445864258711
558,1.65871966483171,1.3401483831385264,1.2500445864258711,0.9662572667433276
559,1.3401483831385264,1.2500445864258711,0.9662572667433276,1.2297324758991623
560,1.2500445864258711,0.9662572667433276,1.2297324758991623,1.4493106770174873
561,0.9662572667433276,1.2297324758991623,1.4493106770174873,1.5707986086719867
562,1.2297324758991623,1.4493106770174873,1.5707986086719867,1.390888423253527
563,1.4493106770174873,1.5707986086719867,1.390888423253527,1.071013940874853
564,1.5707986086719867,1.390888423253527,1.071013940874853,0.9481473379725097
565,1.390888423253527,1.071013940874853,0.9481473379725097,1.4496141358776728
566,1.071013940874853,0.9481473379725097,1.4496141358776728,1.4480327975777327
567,0.9481473379725097,1.4496141358776728,1.4480327975777327,1.2598177531152974
568,1.4496141358776728,1.4480327975777327,1.2598177531152974,0.9681631019334418
569,1.4480327975777327,1.2598177531152974,0.9681631019334418,1.0666589145584922
570,1.2598177531152974,0.9681631019334418,1.0666589145584922,1.11943591440325
571,0.9681631019334418,1.0666589145584922,1.11943591440325,1.344585697365258
572,1.0666589145584922,1.11943591440325,1.344585697365258,1.4077867405280824
573,1.11943591440325,1.344585697365258,1.4077867405280824,1.1728001711410487
574,1.344585697365258,1.4077867405280824,1.1728001711410487,1.1075999740515587
575,1.4077867405280824,1.1728001711410487,1.1075999740515587,1.432077101815223
576,1.1728001711410487,1.1075999740515587,1.432077101815223,1.2378913233981061
577,1.1075999740515587,1.432077101815223,1.2378913233981061,1.3595645559547864
578,1.432077101815223,1.2378913233981061,1.3595645559547864,1.1107761377695085
579,1.2378913233981061,1.3595645559547864,1.1107761377695085,1.0670299859618904
580,1.3595645559547864,1.1107761377695085,1.0670299859618904,1.3598391016745512
581,1.1107761377695085,1.0670299859618904,1.3598391016745512,1.0274567947917754
582,1.0670299859618904,1.3598391016745512,1.0274567947917754,1.5812630391101736
583,1.3598391016745512,1.0274567947917754,1.5812630391101736,1.1366386648720272
584,1.0274567947917754,1.5812630391101736,1.1366386648720272,1.081549329114556
585,1.5812630391101736,1.1366386648720272,1.081549329114556,1.102024357976053
586,1.1366386648720272,1.081549329114556,1.102024357976053,1.198889976855307
587,1.081549329114556,1.102024357976053,1.198889976855307,1.5087962010851386
588,1.102024357976053,1.198889976855307,1.5087962010851386,1.2301850089347997
589,1.198889976855307,1.5087962010851386,1.2301850089347997,1.097472482800818
590,1.5087962010851386,1.2301850089347997,1.097472482800818,1.1508492269484154
591,1.2301850089347997,1.097472482800818,1.1508492269484154,1.1659217426695152
592,1.097472482800818,1.1508492269484154,1.1659217426695152,1.3161221066260007
593,1.1508492269484154,1.1659217426695152,1.3161221066260007,1.2966454271134236
594,1.1659217426695152,1.3161221066260007,1.2966454271134236,1.1086816223258342
595,1.3161221066260007,1.2966454271134236,1.1086816223258342,1.1826063897816592
596,1.2966454271134236,1.1086816223258342,1.1826063897816592,1.288238884741636
597,1.1086816223258342,1.1826063897816592,1.288238884741636,1.371419176234869
598,1.1826063897816592,1.288238884741636,1.371419176234869,1.4701874740659704
599,1.288238884741636,1.371419176234869,1.4701874740659704,0.9295617367019056
600,1.371419176234869,1.4701874740659704,0.9295617367019056,1.1419572985379847
601,1.4701874740659704,0.9295617367019056,1.1419572985379847,1.2558863285380473
602,0.9295617367019056,1.1419572985379847,1.2558863285380473,1.1303011956556521
603,1.1419572985379847,1.2558863285380473,1.1303011956556521,1.706185064117159
604,1.2558863285380473,1.1303011956556521,1.706185064117159,0.8903449572086237
605,1.1303011956556521,1.706185064117159,0.8903449572086237,0.8407329451117813
606,1.706185064117159,0.8903449572086237,0.8407329451117813,1.2249664645372371
607,0.8903449572086237,0.8407329451117813,1.2249664645372371,1.4110417009072047
608,0.8407329451117813,1.2249664645372371,1.4110417009072047,1.9907209665646586
609,1.2249664645372371,1.4110417009072047,1.9907209665646586,0.9336194588307485
610,1.4110417009072047,1.9907209665646586,0.9336194588307485,0.8432797517208044
611,1.9907209665646586,0.9336194588307485,0.8432797517208044,1.266329043959714
612,0.9336194588307485,0.8432797517208044,1.266329043959714,1.2286023846411291
613,0.8432797517208044,1.266329043959714,1.2286023846411291,1.9752525647469943
614,1.266329043959714,1.2286023846411291,1.9752525647469943,0.9037914480373817
615,1.2286023846411291,1.9752525647469943,0.9037914480373817,1.011629813548169
616,1.9752525647469943,0.9037914480373817,1.011629813548169,0.9201863865054498
617,0.9037914480373817,1.011629813548169,0.9201863865054498,1.131588889260937
618,1.011629813548169,0.9201863865054498,1.131588889260937,1.9686958532504975
619,0.9201863865054498,1.131588889260937,1.9686958532504975,0.9889624902088756
620,1.131588889260937,1.9686958532504975,0.9889624902088756,1.1100126541795903
621,1.9686958532504975,0.9889624902088756,1.1100126541795903,0.7605091370974602
622,0.9889624902088756,1.1100126541795903,0.7605091370974602,1.0985975226461318
623,1.1100126541795903,0.7605091370974602,1.0985975226461318,1.7564606223702042
624,0.7605091370974602,1.0985975226461318,1.7564606223702042,1.2690983915818375
625,1.0985975226461318,1.7564606223702042,1.2690983915818375,1.2755959945530284
626,1.7564606223702042,1.2690983915818375,1.2755959945530284,0.7388319080736059
627,1.2690983915818375,1.2755959945530284,0.7388319080736059,0.9091540693075276
628,1.2755959945530284,0.7388319080736059,0.9091540693075276,1.455623118685324
629,0.7388319080736059,0.9091540693075276,1.455623118685324,1.2638286576392064
630,0.9091540693075276,1.455623118685324,1.2638286576392064,1.420003047166359
631,1.455623118685324,1.2638286576392064,1.420003047166359,1.140772742741144
632,1.2638286576392064,1.420003047166359,1.140772742741144,1.0019209355271748
633,1.420003047166359,1.140772742741144,1.0019209355271748,1.3336557048055149
634,1.140772742741144,1.0019209355271748,1.3336557048055149,1.1118825681535622
635,1.0019209355271748,1.3336557048055149,1.1118825681535622,1.3038595918439344
636,1.3336557048055149,1.1118825681535622,1.3038595918439344,0.997821442096354
637,1.1118825681535622,1.3038595918439344,0.997821442096354,0.9872911038370142
638,1.3038595918439344,0.997821442096354,0.9872911038370142,1.716392858002842
639,0.997821442096354,0.9872911038370142,1.716392858002842,1.1952251685736708
640,0.9872911038370142,1.716392858002842,1.1952251685736708,1.3145305795787405
641,1.716392858002842,1.1952251685736708,1.3145305795787405,1.1403908335933222
642,1.1952251685736708,1.3145305795787405,1.1403908335933222,0.9310124521296916
643,1.3145305795787405,1.1403908335933222,0.9310124521296916,1.5152434907011947
644,1.1403908335933222,0.9310124521296916,1.5152434907011947,1.0247827664831548
645,0.9310124521296916,1.5152434907011947,1.0247827664831548,1.4930516745572364
646,1.5152434907011947,1.0247827664831548,1.4930516745572364,1.3275139255592885
647,1.0247827664831548,1.4930516745572364,1.3275139255592885,1.1318202990414863
648,1.4930516745572364,1.3275139255592885,1.1318202990414863,1.2350768620870511
649,1.3275139255592885,1.1318202990414863,1.2350768620870511,1.0541836104676212
650,1.1318202990414863,1.2350768620870511,1.0541836104676212,1.3946171200453734
651,1.2350768620870511,1.0541836104676212,1.3946171200453734,1.5196502677165857
652,1.0541836104676212,1.3946171200453734,1.5196502677165857,1.1153398116639712
653,1.3946171200453734,1.5196502677165857,1.1153398116639712,1.275862543833185
654,1.5196502677165857,1.1153398116639712,1.275862543833185,1.0941960594136069
655,1.1153398116639712,1.275862543833185,1.0941960594136069,1.343389317389338
656,1.275862543833185,1.0941960594136069,1.343389317389338,1.4718207755535817
657,1.0941960594136069,1.343389317389338,1.4718207755535817,0.8947281595316676
658,1.343389317389338,1.4718207755535817,0.8947281595316676,1.2159385628359711
659,1.4718207755535817,0.8947281595316676,1.2159385628359711,0.8900490861830855
660,0.8947281595316676,1.2159385628359711,0.8900490861830855,1.1354720152671172
661,1.2159385628359711,0.8900490861830855,1.1354720152671172,1.119608568948243
662,0.8900490861830855,1.1354720152671172,1.119608568948243,1.168287586138871
663,1.1354720152671172,1.119608568948243,1.168287586138871,1.1519328566906548
664,1.119608568948243,1.168287586138871,1.1519328566906548,1.2009657112550993
665,1.168287586138871,1.1519328566906548,1.2009657112550993,1.132452041760436
666,1.1519328566906548,1.2009657112550993,1.132452041760436,1.436887790894963
667,1.2009657112550993,1.132452041760436,1.436887790894963,1.2379613509684908
668,1.132452041760436,1.436887790894963,1.2379613509684908,1.1023443798316253
669,1.436887790894963,1.2379613509684908,1.1023443798316253,1.3399928500766036
670,1.2379613509684908,1.1023443798316253,1.3399928500766036,1.2112231421526505
671,1.1023443798316253,1.3399928500766036,1.2112231421526505,1.5424556657187996
672,1.3399928500766036,1.2112231421526505,1.5424556657187996,1.3729389325020007
673,1.2112231421526505,1.5424556657187996,1.3729389325020007,1.073272286544806
674,1.5424556657187996,1.3729389325020007,1.073272286544806,1.3718808728806076
675,1.3729389325020007,1.073272286544806,1.3718808728806076,0.7729856248493283
676,1.073272286544806,1.3718808728806076,0.7729856248493283,1.387301277351218
677,1.3718808728806076,0.7729856248493283,1.387301277351218,1.5222670603251753
678,0.7729856248493283,1.387301277351218,1.5222670603251753,1.463016696492811
679,1.387301277351218,1.5222670603251753,1.463016696492811,1.4308568034556017
680,1.5222670603251753,1.463016696492811,1.4308568034556017,0.8856095352749969
681,1.463016696492811,1.4308568034556017,0.8856095352749969,1.129533089091499
682,1.4308568034556017,0.8856095352749969,1.129533089091499,1.4506648619683005
683,0.8856095352749969,1.129533089091499,1.4506648619683005,1.3246744195144606
684,1.129533089091499,1.4506648619683005,1.3246744195144606,1.5659657561622442
685,1.4506648619683005,1.3246744195144606,1.5659657561622442,1.0244508636747414
686,1.3246744195144606,1.5659657561622442,1.0244508636747414,1.2219466666142424
687,1.5659657561622442,1.0244508636747414,1.2219466666142424,1.3152602376916718
688,1.0244508636747414,1.2219466666142424,1.3152602376916718,1.1782781167767977
689,1.2219466666142424,1.3152602376916718,1.1782781167767977,1.7556964575830163
690,1.3152602376916718,1.1782781167767977,1.7556964575830163,0.8883252285766949
691,1.1782781167767977,1.7556964575830163,0.8883252285766949,1.121459634171201
692,1.7556964575830163,0.8883252285766949,1.121459634171201,0.9852965897231205
693,0.8883252285766949,1.121459634171201,0.9852965897231205,1.305822700974901
694,1.121459634171201,0.9852965897231205,1.305822700974901,1.696473891039174
695,0.9852965897231205,1.305822700974901,1.696473891039174,1.050866103340984
696,1.305822700974901,1.696473891039174,1.050866103340984,1.4071335867443144
697,1.696473891039174,1.050866103340984,1.4071335867443144,1.114586142613347
698,1.050866103340984,1.4071335867443144,1.114586142613347,1.3470834699066425
699,1.4071335867443144,1.114586142613347,1.3470834699066425,1.3957182308032419
700,1.114586142613347,1.3470834699066425,1.3957182308032419,1.2168553196319896
701,1.3470834699066425,1.3957182308032419,1.2168553196319896,1.4250955932625013
702,1.3957182308032419,1.2168553196319896,1.4250955932625013,1.2425283871973876
703,1.2168553196319896,1.4250955932625013,1.2425283871973876,1.2684801688313292
704,1.4250955932625013,1.2425283871973876,1.2684801688313292,1.3267660820599556
705,1.2425283871973876,1.2684801688313292,1.3267660820599556,1.31366775246612
706,1.2684801688313292,1.3267660820599556,1.31366775246612,1.2319750645889824
707,1.3267660820599556,1.31366775246612,1.2319750645889824,1.0599028815232585
708,1.31366775246612,1.2319750645889824,1.0599028815232585,1.0394633289658117
709,1.2319750645889824,1.0599028815232585,1.0394633289658117,1.1119047304670069
710,1.0599028815232585,1.0394633289658117,1.1119047304670069,1.3177085064210283
711,1.0394633289658117,1.1119047304670069,1.3177085064210283,1.4553311642791138
712,1.1119047304670069,1.3177085064210283,1.4553311642791138,1.3054749953703069
713,1.3177085064210283,1.4553311642791138,1.3054749953703069,1.1428838766213603
714,1.4553311642791138,1.3054749953703069,1.1428838766213603,1.2020156240140043
715,1.3054749953703069,1.1428838766213603,1.2020156240140043,1.2080924033099945
716,1.1428838766213603,1.2020156240140043,1.2080924033099945,1.4131709542651107
717,1.2020156240140043,1.2080924033099945,1.4131709542651107,1.3491316203494415
718,1.2080924033099945,1.4131709542651107,1.3491316203494415,1.1529999734990406
719,1.4131709542651107,1.3491316203494415,1.1529999734990406,0.9440241734823455
720,1.3491316203494415,1.1529999734990406,0.9440241734823455,1.147826337136969
721,1.1529999734990406,0.9440241734823455,1.147826337136969,1.590129192368939
722,0.9440241734823455,1.147826337136969,1.590129192368939,1.6254512535779106
723,1.147826337136969,1.590129192368939,1.6254512535779106,1.594691905740308
724,1.590129192368939,1.6254512535779106,1.594691905740308,1.0026218130924587
725,1.6254512535779106,1.594691905740308,1.0026218130924587,0.9216503691555382
726,1.594691905740308,1.0026218130924587,0.9216503691555382,1.0899092584522303
727,1.0026218130924587,0.9216503691555382,1.0899092584522303,1.557319358259521
728,0.9216503691555382,1.0899092584522303,1.557319358259521,1.5676191212054955
729,1.0899092584522303,1.557319358259521,1.5676191212054955,1.257288156362302
730,1.557319358259521,1.5676191212054955,1.257288156362302,1.073277052564513
731,1.5676191212054955,1.257288156362302,1.073277052564513,1.1302887287699146
732,1.257288156362302,1.073277052564513,1.1302887287699146,1.3386446563254824
733,1.073277052564513,1.1302887287699146,1.3386446563254824,1.715312532501078
734,1.1302887287699146,1.3386446563254824,1.715312532501078,1.1449351937378625
735,1.3386446563254824,1.715312532501078,1.1449351937378625,1.1601445989409804
736,1.715312532501078,1.1449351937378625,1.1601445989409804,0.9447365297949671
737,1.1449351937378625,1.1601445989409804,0.9447365297949671,1.1457665235910615
738,1.1601445989409804,0.9447365297949671,1.1457665235910615,1.5783909701573333
739,0.9447365297949671,1.1457665235910615,1.5783909701573333,1.147872236093309
740,1.1457665235910615,1.5783909701573333,1.147872236093309,1.6212457976405352
741,1.5783909701573333,1.147872236093309,1.6212457976405352,1.1581144644122556
742,1.147872236093309,1.6212457976405352,1.1581144644122556,1.066177931340296
743,1.6212457976405352,1.1581144644122556,1.066177931340296,1.4186778963120104
744,1.1581144644122556,1.066177931340296,1.4186778963120104,1.2130954885927316
745,1.066177931340296,1.4186778963120104,1.2130954885927316,1.5130963228881997
746,1.4186778963120104,1.2130954885927316,1.5130963228881997,1.4298627550675056
747,1.2130954885927316,1.5130963228881997,1.4298627550675056,1.0174194117434734
748,1.5130963228881997,1.4298627550675056,1.0174194117434734,1.463018379413363
749,1.4298627550675056,1.0174194117434734,1.463018379413363,1.24134960163682
750,1.0174194117434734,1.463018379413363,1.24134960163682,1.4684294279805035
751,1.463018379413363,1.24134960163682,1.4684294279805035,1.3958003345602257
752,1.24134960163682,1.4684294279805035,1.3958003345602257,1.137564531345463
753,1.4684294279805035,1.3958003345602257,1.137564531345463,1.2011743467247373
754,1.3958003345602257,1.137564531345463,1.2011743467247373,1.2152037360167327
755,1.137564531345463,1.2011743467247373,1.2152037360167327,1.3159284060923753
756,1.2011743467247373,1.2152037360167327,1.3159284060923753,1.333213057688459
757,1.2152037360167327,1.3159284060923753,1.333213057688459,1.1749123172856246
758,1.3159284060923753,1.333213057688459,1.1749123172856246,1.137396051041595
759,1.333213057688459,1.1749123172856246,1.137396051041595,1.2620819792381155
760,1.1749123172856246,1.137396051041595,1.2620819792381155,1.345778408165336
761,1.137396051041595,1.2620819792381155,1.345778408165336,1.36518626212234
762,1.2620819792381155,1.345778408165336,1.36518626212234,1.2719268644255313
763,1.345778408165336,1.36518626212234,1.2719268644255313,1.1078953484702254
764,1.36518626212234,1.2719268644255313,1.1078953484702254,1.2484934873214737
765,1.2719268644255313,1.1078953484702254,1.2484934873214737,1.2699855467282533
766,1.1078953484702254,1.2484934873214737,1.2699855467282533,1.601894053397089
767,1.2484934873214737,1.2699855467282533,1.601894053397089,1.3149345279124243
768,1.2699855467282533,1.601894053397089,1.3149345279124243,0.8166223603880773
769,1.601894053397089,1.3149345279124243,0.8166223603880773,1.3615106679232027
770,1.3149345279124243,0.8166223603880773,1.3615106679232027,1.2094212011582208
771,0.8166223603880773,1.3615106679232027,1.2094212011582208,1.5104899957651372
772,1.3615106679232027,1.2094212011582208,1.5104899957651372,1.5054896613728248
773,1.2094212011582208,1.5104899957651372,1.5054896613728248,0.8537840683247059
774,1.5104899957651372,1.5054896613728248,0.8537840683247059,1.1116877067375484
775,1.5054896613728248,0.8537840683247059,1.1116877067375484,0.9415403415421676
776,0.8537840683247059,1.1116877067375484,0.9415403415421676,1.6293667896365567
777,1.1116877067375484,0.9415403415421676,1.6293667896365567,1.5264328376531875
778,0.9415403415421676,1.6293667896365567,1.5264328376531875,1.0805917260472881
779,1.6293667896365567,1.5264328376531875,1.0805917260472881,1.1759497285017826
780,1.5264328376531875,1.0805917260472881,1.1759497285017826,1.1783695555922868
781,1.0805917260472881,1.1759497285017826,1.1783695555922868,1.2599218019347436
782,1.1759497285017826,1.1783695555922868,1.2599218019347436,1.3585043551547522
783,1.1783695555922868,1.2599218019347436,1.3585043551547522,1.370888124122581
784,1.2599218019347436,1.3585043551547522,1.370888124122581,1.1589546375932962
785,1.3585043551547522,1.370888124122581,1.1589546375932962,1.3441443843950127
786,1.370888124122581,1.1589546375932962,1.3441443843950127,1.1250467318230777
787,1.1589546375932962,1.3441443843950127,1.1250467318230777,1.3327681687779043
788,1.3441443843950127,1.1250467318230777,1.3327681687779043,1.0343560091375488
789,1.1250467318230777,1.3327681687779043,1.0343560091375488,1.2268397049272377
790,1.3327681687779043,1.0343560091375488,1.2268397049272377,1.527980588699573
791,1.0343560091375488,1.2268397049272377,1.527980588699573,1.3412871218072417
792,1.2268397049272377,1.527980588699573,1.3412871218072417,1.323492365598649
793,1.527980588699573,1.3412871218072417,1.323492365598649,1.2124017468624837
794,1.3412871218072417,1.323492365598649,1.2124017468624837,0.9737729232489627
795,1.323492365598649,1.2124017468624837,0.9737729232489627,1.3612962466216785
796,1.2124017468624837,0.9737729232489627,1.3612962466216785,1.2122976788842998
797,0.9737729232489627,1.3612962466216785,1.2122976788842998,1.1809672931635118
798,1.3612962466216785,1.2122976788842998,1.1809672931635118,1.3047478675213555
799,1.2122976788842998,1.1809672931635118,1.3047478675213555,1.1853238572336784
800,1.1809672931635118,1.3047478675213555,1.1853238572336784,1.2748708886182205
801,1.3047478675213555,1.1853238572336784,1.2748708886182205,1.2857638811037695
802,1.1853238572336784,1.2748708886182205,1.2857638811037695,1.2050714219012446
803,1.2748708886182205,1.2857638811037695,1.2050714219012446,1.035386260629275
804,1.2857638811037695,1.2050714219012446,1.035386260629275,1.152212550748413
805,1.2050714219012446,1.035386260629275,1.152212550748413,1.643294308236565
806,1.035386260629275,1.152212550748413,1.643294308236565,1.347557990993758
807,1.152212550748413,1.643294308236565,1.347557990993758,1.3338730126447411
808,1.643294308236565,1.347557990993758,1.3338730126447411,1.296134516705273
809,1.347557990993758,1.3338730126447411,1.296134516705273,0.824440575578792
810,1.3338730126447411,1.296134516705273,0.824440575578792,1.6543240527212943
811,1.296134516705273,0.824440575578792,1.6543240527212943,1.378247863727381
812,0.824440575578792,1.6543240527212943,1.378247863727381,1.5278813958771262
813,1.6543240527212943,1.378247863727381,1.5278813958771262,1.57958496676938
814,1.378247863727381,1.5278813958771262,1.57958496676938,0.8846269988509307
815,1.5278813958771262,1.57958496676938,0.8846269988509307,1.3369883583393183
816,1.57958496676938,0.8846269988509307,1.3369883583393183,1.1380515141318155
817,0.8846269988509307,1.3369883583393183,1.1380515141318155,1.5970761065031667
818,1.3369883583393183,1.1380515141318155,1.5970761065031667,1.5333296287364153
819,1.1380515141318155,1.5970761065031667,1.5333296287364153,1.2947152404203985
820,1.5970761065031667,1.5333296287364153,1.2947152404203985,1.262667214802543
821,1.5333296287364153,1.2947152404203985,1.262667214802543,1.0757189906243352
822,1.2947152404203985,1.262667214802543,1.0757189906243352,1.4937210676841994
823,1.262667214802543,1.0757189906243352,1.4937210676841994,1.5512121465156599
824,1.0757189906243352,1.4937210676841994,1.5512121465156599,1.3734493098516305
825,1.4937210676841994,1.5512121465156599,1.3734493098516305,1.1171921334790755
826,1.5512121465156599,1.3734493098516305,1.1171921334790755,0.9446138941542821
827,1.3734493098516305,1.1171921334790755,0.9446138941542821,1.3700733512955192
828,1.1171921334790755,0.9446138941542821,1.3700733512955192,1.4766986875530252
829,0.9446138941542821,1.3700733512955192,1.4766986875530252,1.429814847553264
830,1.3700733512955192,1.4766986875530252,1.429814847553264,1.018330497287301
831,1.4766986875530252,1.429814847553264,1.018330497287301,0.8751499725365505
832,1.429814847553264,1.018330497287301,0.8751499725365505,1.2230154794116472
833,1.018330497287301,0.8751499725365505,1.2230154794116472,1.4051737763845018
834,0.8751499725365505,1.2230154794116472,1.4051737763845018,1.376382197319777
835,1.2230154794116472,1.4051737763845018,1.376382197319777,1.301821604916109
836,1.4051737763845018,1.376382197319777,1.301821604916109,0.9083002897980759
837,1.376382197319777,1.301821604916109,0.9083002897980759,0.9185059983295792
838,1.301821604916109,0.9083002897980759,0.9185059983295792,1.4830877043412682
839,0.9083002897980759,0.9185059983295792,1.4830877043412682,1.6257501892713035
840,0.9185059983295792,1.4830877043412682,1.6257501892713035,1.336290437708671
841,1.4830877043412682,1.6257501892713035,1.336290437708671,1.3497900605005377
842,1.6257501892713035,1.336290437708671,1.3497900605005377,0.9136106716063388
843,1.336290437708671,1.3497900605005377,0.9136106716063388,1.4151805908628567
844,1.3497900605005377,0.9136106716063388,1.4151805908628567,1.6780698048936467
845,0.9136106716063388,1.4151805908628567,1.6780698048936467,1.4192962222445173
846,1.4151805908628567,1.6780698048936467,1.4192962222445173,1.151790982034404
847,1.6780698048936467,1.4192962222445173,1.151790982034404,0.7698203849800597
848,1.4192962222445173,1.151790982034404,0.7698203849800597,1.285946518476056
849,1.151790982034404,0.7698203849800597,1.285946518476056,1.30685409039746
850,0.7698203849800597,1.285946518476056,1.30685409039746,1.657226063931508
851,1.285946518476056,1.30685409039746,1.657226063931508,1.3621226371352322
852,1.30685409039746,1.657226063931508,1.3621226371352322,1.2024811179461037
853,1.657226063931508,1.3621226371352322,1.2024811179461037,1.0237436488173193
854,1.3621226371352322,1.2024811179461037,1.0237436488173193,1.2159502159306927
855,1.2024811179461037,1.0237436488173193,1.2159502159306927,1.504494299185101
856,1.0237436488173193,1.2159502159306927,1.504494299185101,1.4237985422245336
857,1.2159502159306927,1.504494299185101,1.4237985422245336,1.0285424192598147
858,1.504494299185101,1.4237985422245336,1.0285424192598147,0.8600427684635437
859,1.4237985422245336,1.0285424192598147,0.8600427684635437,1.2308275125972508
860,1.0285424192598147,0.8600427684635437,1.2308275125972508,1.6038690495980545
861,0.8600427684635437,1.2308275125972508,1.6038690495980545,1.4828698245275491
862,1.2308275125972508,1.6038690495980545,1.4828698245275491,1.2416932283344888
863,1.6038690495980545,1.4828698245275491,1.2416932283344888,0.9290028953153351
864,1.4828698245275491,1.2416932283344888,0.9290028953153351,1.095991002200312
865,1.2416932283344888,0.9290028953153351,1.095991002200312,1.5640737572004433
866,0.9290028953153351,1.095991002200312,1.5640737572004433,1.5483324189787113
867,1.095991002200312,1.5640737572004433,1.5483324189787113,1.2458157509954442
868,1.5640737572004433,1.5483324189787113,1.2458157509954442,1.0308138998618157
869,1.5483324189787113,1.2458157509954442,1.0308138998618157,1.2821297117757604
870,1.2458157509954442,1.0308138998618157,1.2821297117757604,1.4286819509146373
871,1.0308138998618157,1.2821297117757604,1.4286819509146373,1.6093229024963893
872,1.2821297117757604,1.4286819509146373,1.6093229024963893,1.5023397056189394
873,1.4286819509146373,1.6093229024963893,1.5023397056189394,0.8914323723110705
874,1.6093229024963893,1.5023397056189394,0.8914323723110705,1.0809733588865236
875,1.5023397056189394,0.8914323723110705,1.0809733588865236,1.0277744736543286
876,0.8914323723110705,1.0809733588865236,1.0277744736543286,1.667370725001642
877,1.0809733588865236,1.0277744736543286,1.667370725001642,1.6018803687838534
878,1.0277744736543286,1.667370725001642,1.6018803687838534,1.0585161711049902
879,1.667370725001642,1.6018803687838534,1.0585161711049902,1.185298486492012
880,1.6018803687838534,1.0585161711049902,1.185298486492012,0.7633593435572653
881,1.0585161711049902,1.185298486492012,0.7633593435572653,1.724507417497471
882,1.185298486492012,0.7633593435572653,1.724507417497471,1.6460672959193299
883,0.7633593435572653,1.724507417497471,1.6460672959193299,1.1854903048570078
884,1.724507417497471,1.6460672959193299,1.1854903048570078,1.352613169252924
885,1.6460672959193299,1.1854903048570078,1.352613169252924,0.697652025406277
886,1.1854903048570078,1.352613169252924,0.697652025406277,1.6372570563247684
887,1.352613169252924,0.697652025406277,1.6372570563247684,1.2381501382435776
888,0.697652025406277,1.6372570563247684,1.2381501382435776,1.4124392989804142
889,1.6372570563247684,1.2381501382435776,1.4124392989804142,1.4068931630773258
890,1.2381501382435776,1.4124392989804142,1.4068931630773258,0.89255362381426
891,1.4124392989804142,1.4068931630773258,0.89255362381426,1.647560392716513
892,1.4068931630773258,0.89255362381426,1.647560392716513,1.157927350187783
893,0.89255362381426,1.647560392716513,1.157927350187783,1.473816706071362
894,1.647560392716513,1.157927350187783,1.473816706071362,1.73688172794899
895,1.157927350187783,1.473816706071362,1.73688172794899,0.8969518490719578
896,1.473816706071362,1.73688172794899,0.8969518490719578,1.6917420292190775
897,1.73688172794899,0.8969518490719578,1.6917420292190775,0.9228818577209881
898,0.8969518490719578,1.6917420292190775,0.9228818577209881,1.2523732733488169
899,1.6917420292190775,0.9228818577209881,1.2523732733488169,1.4863085011135972
900,0.9228818577209881,1.2523732733488169,1.4863085011135972,0.7002015637195751
901,1.2523732733488169,1.4863085011135972,0.7002015637195751,1.5092255393771052
902,1.4863085011135972,0.7002015637195751,1.5092255393771052,1.0845026716920674
903,0.7002015637195751,1.5092255393771052,1.0845026716920674,1.1083436994047884
904,1.5092255393771052,1.0845026716920674,1.1083436994047884,1.3901338885328292
905,1.0845026716920674,1.1083436994047884,1.3901338885328292,0.9485910049189776
906,1.1083436994047884,1.3901338885328292,0.9485910049189776,1.4489362533925774
907,1.3901338885328292,0.9485910049189776,1.4489362533925774,1.3473689126878188
908,0.9485910049189776,1.4489362533925774,1.3473689126878188,1.1502505217817156
909,1.4489362533925774,1.3473689126878188,1.1502505217817156,1.3203617223276771
910,1.3473689126878188,1.1502505217817156,1.3203617223276771,1.2289001718937484
911,1.1502505217817156,1.3203617223276771,1.2289001718937484,1.6238026756237516
912,1.3203617223276771,1.2289001718937484,1.6238026756237516,1.3085291140668147
913,1.2289001718937484,1.6238026756237516,1.3085291140668147,1.154635519446103
914,1.6238026756237516,1.3085291140668147,1.154635519446103,1.173813518605809
915,1.3085291140668147,1.154635519446103,1.173813518605809,1.1084738151393236
916,1.154635519446103,1.173813518605809,1.1084738151393236,1.4184737351421661
917,1.173813518605809,1.1084738151393236,1.4184737351421661,1.3674130054713274
918,1.1084738151393236,1.4184737351421661,1.3674130054713274,1.103428278368747
919,1.4184737351421661,1.3674130054713274,1.103428278368747,1.3722699786022596
920,1.3674130054713274,1.103428278368747,1.3722699786022596,1.3632853318406364
921,1.103428278368747,1.3722699786022596,1.3632853318406364,1.3474567631973124
922,1.3722699786022596,1.3632853318406364,1.3474567631973124,1.3569446064736341
923,1.3632853318406364,1.3474567631973124,1.3569446064736341,1.2886725037083762
924,1.3474567631973124,1.3569446064736341,1.2886725037083762,1.2288530304024095
925,1.3569446064736341,1.2886725037083762,1.2288530304024095,1.5297509162176866
926,1.2886725037083762,1.2288530304024095,1.5297509162176866,1.2529007170024165
927,1.2288530304024095,1.5297509162176866,1.2529007170024165,1.453559613501005
928,1.5297509162176866,1.2529007170024165,1.453559613501005,1.2308703005520292
929,1.2529007170024165,1.453559613501005,1.2308703005520292,1.046454867468719
930,1.453559613501005,1.2308703005520292,1.046454867468719,1.2437620079248808
931,1.2308703005520292,1.046454867468719,1.2437620079248808,1.1211120200430826
932,1.046454867468719,1.2437620079248808,1.1211120200430826,1.7543765287673072
933,1.2437620079248808,1.1211120200430826,1.7543765287673072,1.4266405042896602
934,1.1211120200430826,1.7543765287673072,1.4266405042896602,1.2414384944438595
935,1.7543765287673072,1.4266405042896602,1.2414384944438595,1.0501002332479885
936,1.4266405042896602,1.2414384944438595,1.0501002332479885,0.9724456186708776
937,1.2414384944438595,1.0501002332479885,0.9724456186708776,1.7308490088801982
938,1.0501002332479885,0.9724456186708776,1.7308490088801982,1.379419210506112
939,0.9724456186708776,1.7308490088801982,1.379419210506112,1.393240878868739
940,1.7308490088801982,1.379419210506112,1.393240878868739,1.2534980915898906
941,1.379419210506112,1.393240878868739,1.2534980915898906,0.988944721585788
942,1.393240878868739,1.2534980915898906,0.988944721585788,1.6131241472707927
943,1.2534980915898906,0.988944721585788,1.6131241472707927,1.3843938438818495
944,0.988944721585788,1.6131241472707927,1.3843938438818495,1.479747293258538
945,1.6131241472707927,1.3843938438818495,1.479747293258538,1.262122005978634
946,1.3843938438818495,1.479747293258538,1.262122005978634,0.997153836356206
947,1.479747293258538,1.262122005978634,0.997153836356206,1.4256020387247255
948,1.262122005978634,0.997153836356206,1.4256020387247255,1.3208458156078808
949,0.997153836356206,1.4256020387247255,1.3208458156078808,1.5118806272979832
950,1.4256020387247255,1.3208458156078808,1.5118806272979832,1.1029002950794489
951,1.3208458156078808,1.5118806272979832,1.1029002950794489,1.1464390712069836
952,1.5118806272979832,1.1029002950794489,1.1464390712069836,1.2805556336757002
953,1.1029002950794489,1.1464390712069836,1.2805556336757002,1.212606871148951
954,1.1464390712069836,1.2805556336757002,1.212606871148951,1.2993293308340663
955,1.2805556336757002,1.212606871148951,1.2993293308340663,1.1421836464037018
956,1.212606871148951,1.2993293308340663,1.1421836464037018,1.1494482869899363
957,1.2993293308340663,1.1421836464037018,1.1494482869899363,1.3390298742776068
958,1.1421836464037018,1.1494482869899363,1.3390298742776068,1.4400636994277138
959,1.1494482869899363,1.3390298742776068,1.4400636994277138,1.4112789617050552
960,1.3390298742776068,1.4400636994277138,1.4112789617050552,1.2758878837886047
961,1.4400636994277138,1.4112789617050552,1.2758878837886047,1.2465167712357974
962,1.4112789617050552,1.2758878837886047,1.2465167712357974,1.1378149159857072
963,1.2758878837886047,1.2465167712357974,1.1378149159857072,1.4715074587318822
964,1.2465167712357974,1.1378149159857072,1.4715074587318822,1.2010025205164003
965,1.1378149159857072,1.4715074587318822,1.2010025205164003,1.5981422332755209
966,1.4715074587318822,1.2010025205164003,1.5981422332755209,1.1357739681453465
967,1.2010025205164003,1.5981422332755209,1.1357739681453465,1.1363491935635077
968,1.5981422332755209,1.1357739681453465,1.1363491935635077,1.1928848678254143
969,1.1357739681453465,1.1363491935635077,1.1928848678254143,1.149487131436042
970,1.1363491935635077,1.1928848678254143,1.149487131436042,1.301212337074394
971,1.1928848678254143,1.149487131436042,1.301212337074394,1.2267836723221393
972,1.149487131436042,1.301212337074394,1.2267836723221393,1.1207686119266844
973,1.301212337074394,1.2267836723221393,1.1207686119266844,1.3868823048086285
974,1.2267836723221393,1.1207686119266844,1.3868823048086285,1.1887468302848694
975,1.1207686119266844,1.3868823048086285,1.1887468302848694,1.0523512069316894
976,1.3868823048086285,1.1887468302848694,1.0523512069316894,1.231380455160879
977,1.1887468302848694,1.0523512069316894,1.231380455160879,1.2386712889303855
978,1.0523512069316894,1.231380455160879,1.2386712889303855,1.5056800784387763
979,1.231380455160879,1.2386712889303855,1.5056800784387763,1.5190735389377397
980,1.2386712889303855,1.5056800784387763,1.5190735389377397,0.9924159383350434
981,1.5056800784387763,1.5190735389377397,0.9924159383350434,1.3014869143409051
982,1.5190735389377397,0.9924159383350434,1.3014869143409051,1.1442434533334331
983,0.9924159383350434,1.3014869143409051,1.1442434533334331,1.5300235818938834
984,1.3014869143409051,1.1442434533334331,1.5300235818938834,1.5360584711675775
985,1.1442434533334331,1.5300235818938834,1.5360584711675775,1.1284371880924966
986,1.5300235818938834,1.5360584711675775,1.1284371880924966,1.0753229526378991
987,1.5360584711675775,1.1284371880924966,1.0753229526378991,1.0405922993589465
988,1.1284371880924966,1.0753229526378991,1.0405922993589465,1.6089528725214242
989,1.0753229526378991,1.0405922993589465,1.6089528725214242,1.4210416717584249
990,1.0405922993589465,1.6089528725214242,1.4210416717584249,1.1993351266157144
991,1.6089528725214242,1.4210416717584249,1.1993351266157144,0.9229986498229877
992,1.4210416717584249,1.1993351266157144,0.9229986498229877,1.0591390906558908
993,1.1993351266157144,0.9229986498229877,1.0591390906558908,1.1786353623698
994,0.9229986498229877,1.0591390906558908,1.1786353623698,1.503492069480596
995,1.0591390906558908,1.1786353623698,1.503492069480596,1.2206251254438771
996,1.1786353623698,1.503492069480596,1.2206251254438771,0.9628178224947157
997,1.503492069480596,1.2206251254438771,0.9628178224947157,0.9967537012388363
998,1.2206251254438771,0.9628178224947157,0.9967537012388363,0.9714374580917284
999,0.9628178224947157,0.9967537012388363,0.9714374580917284,1.4352394679033773
